,degree_i,degree_j,wave,n_degrees_i,n_degrees_j,n_transitions_ij,n_transitions_ji,relative_error
0,0,4,2,214.0,18.0,7.0,0.0,2.371106089578799
1,5,7,4,14.0,4.0,0.0,1.0,2.008179993239126
2,0,5,5,213.0,10.0,5.0,0.0,2.0328689983578423
